x:image,y:label
.\3\262.png,3
.\3\314.png,3
.\2\205.png,2
.\5\395.png,5
.\5\409.png,5
.\1\284.png,1
.\5\92.png,5
.\3\185.png,3
.\5\200.png,5
.\3\397.png,3
.\4\31.png,4
.\4\71.png,4
.\1\283.png,1
.\3\495.png,3
.\1\488.png,1
.\4\212.png,4
.\5\57.png,5
.\1\508.png,1
.\2\208.png,2
.\5\19.png,5
.\3\350.png,3
.\5\125.png,5
.\4\412.png,4
.\3\548.png,3
.\1\469.png,1
.\1\462.png,1
.\5\330.png,5
.\2\374.png,2
.\1\477.png,1
.\2\370.png,2
.\5\158.png,5
.\5\468.png,5
.\2\475.png,2
.\1\156.png,1
.\2\62.png,2
.\3\108.png,3
.\1\204.png,1
.\3\277.png,3
.\2\421.png,2
.\3\425.png,3
.\1\453.png,1
.\4\332.png,4
.\5\202.png,5
.\5\405.png,5
.\5\359.png,5
.\2\184.png,2
.\2\455.png,2
.\4\183.png,4
.\1\448.png,1
.\5\256.png,5
.\2\129.png,2
.\4\406.png,4
.\5\498.png,5
.\4\327.png,4
.\1\266.png,1
.\4\519.png,4
.\3\205.png,3
.\3\453.png,3
.\3\291.png,3
.\5\136.png,5
.\2\336.png,2
.\4\308.png,4
.\2\320.png,2
.\1\16.png,1
.\1\174.png,1
.\1\379.png,1
.\5\148.png,5
.\4\341.png,4
.\4\466.png,4
.\1\512.png,1
.\2\383.png,2
.\2\362.png,2
.\1\323.png,1
.\1\19.png,1
.\1\421.png,1
.\5\212.png,5
.\3\161.png,3
.\4\337.png,4
.\4\130.png,4
.\2\516.png,2
.\2\201.png,2
.\5\113.png,5
.\2\395.png,2
.\2\380.png,2
.\1\276.png,1
.\5\102.png,5
.\5\485.png,5
.\4\189.png,4
.\5\120.png,5
.\1\554.png,1
.\1\457.png,1
.\1\182.png,1
.\1\149.png,1
.\4\400.png,4
.\2\372.png,2
.\3\287.png,3
.\4\313.png,4
.\1\252.png,1
.\1\144.png,1
.\2\45.png,2
.\5\469.png,5
.\4\334.png,4
.\2\20.png,2
.\5\244.png,5
.\2\160.png,2
.\4\63.png,4
.\2\539.png,2
.\3\391.png,3
.\4\97.png,4
.\4\394.png,4
.\3\355.png,3
.\1\342.png,1
.\5\114.png,5
.\2\148.png,2
.\4\227.png,4
.\5\290.png,5
.\1\408.png,1
.\1\447.png,1
.\4\187.png,4
.\2\181.png,2
.\1\281.png,1
.\5\130.png,5
.\2\398.png,2
.\5\233.png,5
.\1\310.png,1
.\2\586.png,2
.\5\446.png,5
.\3\416.png,3
.\5\209.png,5
.\3\121.png,3
.\1\565.png,1
.\5\165.png,5
.\2\117.png,2
.\3\436.png,3
.\3\457.png,3
.\1\307.png,1
.\1\158.png,1
.\2\289.png,2
.\3\95.png,3
.\1\201.png,1
.\2\273.png,2
.\2\377.png,2
.\1\169.png,1
.\3\306.png,3
.\4\429.png,4
.\1\486.png,1
.\4\415.png,4
.\4\460.png,4
.\2\382.png,2
.\4\526.png,4
.\2\227.png,2
.\3\422.png,3
.\1\317.png,1
.\1\387.png,1
.\3\267.png,3
.\3\140.png,3
.\5\168.png,5
.\5\94.png,5
.\2\263.png,2
.\2\524.png,2
.\3\334.png,3
.\5\467.png,5
.\4\293.png,4
.\4\153.png,4
.\3\1.png,3
.\4\155.png,4
.\2\305.png,2
.\3\10.png,3
.\4\398.png,4
.\1\536.png,1
.\5\225.png,5
.\4\489.png,4
.\2\59.png,2
.\2\192.png,2
.\2\26.png,2
.\1\264.png,1
.\1\327.png,1
.\5\459.png,5
.\3\527.png,3
.\3\104.png,3
.\2\556.png,2
.\3\226.png,3
.\3\387.png,3
.\2\69.png,2
.\1\188.png,1
.\3\216.png,3
.\5\85.png,5
.\4\133.png,4
.\1\377.png,1
.\4\539.png,4
.\2\212.png,2
.\2\128.png,2
.\1\392.png,1
.\3\408.png,3
.\1\36.png,1
.\2\111.png,2
.\3\455.png,3
.\5\491.png,5
.\2\599.png,2
.\2\346.png,2
.\1\123.png,1
.\2\219.png,2
.\2\486.png,2
.\1\568.png,1
.\2\608.png,2
.\2\224.png,2
.\3\31.png,3
.\3\444.png,3
.\2\367.png,2
.\5\406.png,5
.\4\118.png,4
.\2\418.png,2
.\4\286.png,4
.\5\353.png,5
.\5\380.png,5
.\2\409.png,2
.\2\307.png,2
.\2\477.png,2
.\5\495.png,5
.\3\271.png,3
.\1\175.png,1
.\5\483.png,5
.\4\417.png,4
.\3\182.png,3
.\3\292.png,3
.\1\35.png,1
.\2\368.png,2
.\3\47.png,3
.\4\537.png,4
.\3\255.png,3
.\3\362.png,3
.\3\299.png,3
.\4\296.png,4
.\1\186.png,1
.\2\179.png,2
.\2\387.png,2
.\1\178.png,1
.\4\141.png,4
.\5\336.png,5
.\3\379.png,3
.\2\220.png,2
.\5\496.png,5
.\2\258.png,2
.\1\298.png,1
.\5\333.png,5
.\2\240.png,2
.\3\376.png,3
.\5\46.png,5
.\2\133.png,2
.\3\448.png,3
.\1\187.png,1
.\1\157.png,1
.\2\118.png,2
.\2\167.png,2
.\3\117.png,3
.\4\11.png,4
.\3\413.png,3
.\1\510.png,1
.\1\333.png,1
.\5\426.png,5
.\1\487.png,1
.\3\225.png,3
.\1\30.png,1
.\1\404.png,1
.\5\462.png,5
.\1\550.png,1
.\2\567.png,2
.\1\70.png,1
.\3\529.png,3
.\3\83.png,3
.\4\463.png,4
.\4\309.png,4
.\3\496.png,3
.\4\505.png,4
.\4\167.png,4
.\4\388.png,4
.\1\166.png,1
.\5\438.png,5
.\3\147.png,3
.\5\372.png,5
.\3\221.png,3
.\5\33.png,5
.\2\131.png,2
.\3\278.png,3
.\3\520.png,3
.\3\434.png,3
.\4\37.png,4
.\5\210.png,5
.\3\330.png,3
.\2\102.png,2
.\1\483.png,1
.\5\276.png,5
.\5\219.png,5
.\1\139.png,1
.\4\439.png,4
.\4\459.png,4
.\5\314.png,5
.\2\164.png,2
.\2\526.png,2
.\4\100.png,4
.\1\418.png,1
.\1\217.png,1
.\5\23.png,5
.\3\55.png,3
.\2\605.png,2
.\2\345.png,2
.\3\515.png,3
.\2\246.png,2
.\4\464.png,4
.\3\498.png,3
.\3\447.png,3
.\3\144.png,3
.\4\14.png,4
.\1\545.png,1
.\2\202.png,2
.\2\460.png,2
.\2\319.png,2
.\5\470.png,5
.\5\91.png,5
.\5\430.png,5
.\1\572.png,1
.\4\376.png,4
.\5\73.png,5
.\5\306.png,5
.\2\292.png,2
.\1\436.png,1
.\3\49.png,3
.\5\282.png,5
.\1\534.png,1
.\5\235.png,5
.\2\469.png,2
.\3\323.png,3
.\2\392.png,2
.\4\181.png,4
.\1\425.png,1
.\1\268.png,1
.\1\409.png,1
.\4\256.png,4
.\3\412.png,3
.\3\427.png,3
.\2\560.png,2
.\2\598.png,2
.\3\204.png,3
.\3\152.png,3
.\4\47.png,4
.\1\414.png,1
.\2\566.png,2
.\2\10.png,2
.\4\127.png,4
.\1\59.png,1
.\2\341.png,2
.\5\414.png,5
.\1\461.png,1
.\4\219.png,4
.\3\332.png,3
.\1\329.png,1
.\1\456.png,1
.\5\327.png,5
.\2\193.png,2
.\2\262.png,2
.\4\280.png,4
.\3\478.png,3
.\5\76.png,5
.\5\476.png,5
.\2\359.png,2
.\1\531.png,1
.\2\64.png,2
.\5\441.png,5
.\3\36.png,3
.\4\226.png,4
.\1\382.png,1
.\3\533.png,3
.\2\394.png,2
.\2\410.png,2
.\3\260.png,3
.\2\253.png,2
.\3\188.png,3
.\2\243.png,2
.\1\109.png,1
.\3\143.png,3
.\4\458.png,4
.\4\8.png,4
.\5\178.png,5
.\5\311.png,5
.\3\528.png,3
.\1\203.png,1
.\3\222.png,3
.\3\58.png,3
.\2\7.png,2
.\2\225.png,2
.\3\41.png,3
.\2\66.png,2
.\1\300.png,1
.\1\225.png,1
.\5\345.png,5
.\3\339.png,3
.\4\452.png,4
.\5\488.png,5
.\3\153.png,3
.\1\403.png,1
.\2\361.png,2
.\5\284.png,5
.\4\363.png,4
.\4\259.png,4
.\1\125.png,1
.\4\478.png,4
.\1\295.png,1
.\5\105.png,5
.\3\384.png,3
.\3\263.png,3
.\2\236.png,2
.\1\256.png,1
.\2\549.png,2
.\1\48.png,1
.\5\366.png,5
.\5\81.png,5
.\2\581.png,2
.\2\420.png,2
.\4\206.png,4
.\1\63.png,1
.\2\551.png,2
.\2\525.png,2
.\2\434.png,2
.\3\98.png,3
.\1\405.png,1
.\1\189.png,1
.\5\6.png,5
.\4\4.png,4
.\5\8.png,5
.\1\34.png,1
.\4\15.png,4
.\2\171.png,2
.\2\546.png,2
.\3\122.png,3
.\2\447.png,2
.\2\425.png,2
.\5\79.png,5
.\1\305.png,1
.\3\483.png,3
.\1\286.png,1
.\1\20.png,1
.\3\123.png,3
.\4\41.png,4
.\1\322.png,1
.\4\207.png,4
.\5\229.png,5
.\2\82.png,2
.\4\316.png,4
.\2\115.png,2
.\4\500.png,4
.\2\445.png,2
.\3\522.png,3
.\5\10.png,5
.\2\142.png,2
.\2\594.png,2
.\1\482.png,1
.\5\18.png,5
.\3\25.png,3
.\4\9.png,4
.\4\160.png,4
.\4\151.png,4
.\3\179.png,3
.\1\104.png,1
.\3\458.png,3
.\4\419.png,4
.\3\289.png,3
.\1\173.png,1
.\2\259.png,2
.\1\485.png,1
.\2\221.png,2
.\3\398.png,3
.\2\465.png,2
.\5\159.png,5
.\2\604.png,2
.\2\70.png,2
.\4\266.png,4
.\2\531.png,2
.\5\263.png,5
.\4\3.png,4
.\5\355.png,5
.\3\249.png,3
.\3\130.png,3
.\3\346.png,3
.\1\126.png,1
.\4\326.png,4
.\2\547.png,2
.\3\87.png,3
.\5\412.png,5
.\5\397.png,5
.\4\502.png,4
.\1\38.png,1
.\1\564.png,1
.\2\300.png,2
.\5\280.png,5
.\5\160.png,5
.\4\154.png,4
.\3\468.png,3
.\2\175.png,2
.\1\251.png,1
.\2\419.png,2
.\4\195.png,4
.\3\67.png,3
.\4\289.png,4
.\5\281.png,5
.\1\76.png,1
.\2\153.png,2
.\2\510.png,2
.\1\369.png,1
.\5\138.png,5
.\4\250.png,4
.\5\310.png,5
.\5\56.png,5
.\4\112.png,4
.\5\479.png,5
.\3\90.png,3
.\4\555.png,4
.\2\298.png,2
.\2\229.png,2
.\3\81.png,3
.\3\411.png,3
.\1\146.png,1
.\2\232.png,2
.\1\67.png,1
.\2\277.png,2
.\5\109.png,5
.\3\374.png,3
.\4\319.png,4
.\2\55.png,2
.\5\236.png,5
.\3\203.png,3
.\2\378.png,2
.\4\231.png,4
.\2\280.png,2
.\3\540.png,3
.\3\245.png,3
.\5\177.png,5
.\2\364.png,2
.\3\254.png,3
.\3\191.png,3
.\2\348.png,2
.\1\10.png,1
.\5\329.png,5
.\1\164.png,1
.\4\538.png,4
.\5\315.png,5
.\3\7.png,3
.\1\355.png,1
.\4\476.png,4
.\1\119.png,1
.\1\160.png,1
.\1\209.png,1
.\3\75.png,3
.\2\37.png,2
.\3\228.png,3
.\3\467.png,3
.\2\511.png,2
.\5\494.png,5
.\4\497.png,4
.\5\215.png,5
.\5\144.png,5
.\3\336.png,3
.\2\314.png,2
.\1\134.png,1
.\1\130.png,1
.\3\321.png,3
.\2\429.png,2
.\4\292.png,4
.\3\257.png,3
.\4\35.png,4
.\4\315.png,4
.\4\387.png,4
.\1\239.png,1
.\1\480.png,1
.\2\63.png,2
.\3\5.png,3
.\3\420.png,3
.\1\349.png,1
.\1\170.png,1
.\4\177.png,4
.\5\119.png,5
.\2\88.png,2
.\2\433.png,2
.\2\532.png,2
.\5\75.png,5
.\1\423.png,1
.\5\340.png,5
.\5\145.png,5
.\3\71.png,3
.\4\525.png,4
.\4\245.png,4
.\2\93.png,2
.\3\134.png,3
.\1\376.png,1
.\2\120.png,2
.\3\433.png,3
.\5\134.png,5
.\4\213.png,4
.\2\519.png,2
.\3\48.png,3
.\3\189.png,3
.\2\302.png,2
.\4\386.png,4
.\3\133.png,3
.\4\434.png,4
.\2\83.png,2
.\2\100.png,2
.\1\468.png,1
.\2\50.png,2
.\1\519.png,1
.\4\368.png,4
.\2\32.png,2
.\4\484.png,4
.\2\500.png,2
.\5\106.png,5
.\3\378.png,3
.\5\206.png,5
.\5\246.png,5
.\3\505.png,3
.\2\61.png,2
.\5\415.png,5
.\2\440.png,2
.\2\573.png,2
.\1\557.png,1
.\5\269.png,5
.\5\222.png,5
.\2\12.png,2
.\1\460.png,1
.\4\69.png,4
.\1\558.png,1
.\3\79.png,3
.\4\445.png,4
.\2\125.png,2
.\2\442.png,2
.\1\110.png,1
.\2\570.png,2
.\1\71.png,1
.\1\294.png,1
.\5\7.png,5
.\1\441.png,1
.\3\238.png,3
.\2\459.png,2
.\5\252.png,5
.\5\292.png,5
.\1\117.png,1
.\2\588.png,2
.\1\416.png,1
.\5\393.png,5
.\2\6.png,2
.\1\17.png,1
.\5\166.png,5
.\1\120.png,1
.\4\236.png,4
.\2\306.png,2
.\1\185.png,1
.\4\424.png,4
.\5\2.png,5
.\3\512.png,3
.\4\472.png,4
.\5\174.png,5
.\1\127.png,1
.\5\146.png,5
.\1\4.png,1
.\2\568.png,2
.\2\312.png,2
.\5\285.png,5
.\2\172.png,2
.\2\270.png,2
.\5\50.png,5
.\4\542.png,4
.\2\254.png,2
.\3\530.png,3
.\5\201.png,5
.\1\12.png,1
.\5\313.png,5
.\2\145.png,2
.\1\505.png,1
.\2\508.png,2
.\1\309.png,1
.\3\401.png,3
.\2\53.png,2
.\2\16.png,2
.\4\242.png,4
.\2\596.png,2
.\2\438.png,2
.\1\481.png,1
.\3\524.png,3
.\2\360.png,2
.\2\294.png,2
.\3\545.png,3
.\1\277.png,1
.\2\135.png,2
.\5\191.png,5
.\5\84.png,5
.\2\79.png,2
.\1\184.png,1
.\1\75.png,1
.\2\423.png,2
.\4\274.png,4
.\3\139.png,3
.\3\156.png,3
.\3\273.png,3
.\5\250.png,5
.\1\40.png,1
.\5\77.png,5
.\5\387.png,5
.\5\122.png,5
.\3\198.png,3
.\4\465.png,4
.\3\180.png,3
.\2\484.png,2
.\4\447.png,4
.\2\90.png,2
.\1\172.png,1
.\1\243.png,1
.\4\435.png,4
.\5\451.png,5
.\4\20.png,4
.\2\313.png,2
.\1\191.png,1
.\1\212.png,1
.\4\547.png,4
.\4\40.png,4
.\4\507.png,4
.\3\269.png,3
.\5\379.png,5
.\3\68.png,3
.\2\103.png,2
.\4\39.png,4
.\2\358.png,2
.\5\199.png,5
.\2\472.png,2
.\5\453.png,5
.\4\68.png,4
.\4\407.png,4
.\3\51.png,3
.\2\461.png,2
.\2\565.png,2
.\5\385.png,5
.\5\45.png,5
.\1\523.png,1
.\4\75.png,4
.\3\45.png,3
.\3\272.png,3
.\1\103.png,1
.\4\53.png,4
.\1\55.png,1
.\3\501.png,3
.\4\352.png,4
.\3\511.png,3
.\1\5.png,1
.\4\549.png,4
.\2\299.png,2
.\1\563.png,1
.\5\152.png,5
.\1\490.png,1
.\5\335.png,5
.\3\170.png,3
.\5\150.png,5
.\1\8.png,1
.\5\1.png,5
.\2\528.png,2
.\2\91.png,2
.\3\316.png,3
.\4\22.png,4
.\3\421.png,3
.\4\202.png,4
.\3\381.png,3
.\3\86.png,3
.\3\466.png,3
.\5\98.png,5
.\1\499.png,1
.\2\46.png,2
.\5\49.png,5
.\3\426.png,3
.\2\101.png,2
.\2\94.png,2
.\4\235.png,4
.\3\53.png,3
.\1\446.png,1
.\3\199.png,3
.\4\488.png,4
.\2\25.png,2
.\5\234.png,5
.\1\180.png,1
.\5\432.png,5
.\1\228.png,1
.\5\260.png,5
.\4\241.png,4
.\5\342.png,5
.\3\251.png,3
.\3\481.png,3
.\2\134.png,2
.\1\360.png,1
.\5\389.png,5
.\2\436.png,2
.\1\293.png,1
.\2\162.png,2
.\3\469.png,3
.\5\288.png,5
.\5\208.png,5
.\2\146.png,2
.\2\483.png,2
.\4\129.png,4
.\1\479.png,1
.\2\15.png,2
.\1\522.png,1
.\5\126.png,5
.\1\541.png,1
.\5\172.png,5
.\2\610.png,2
.\3\239.png,3
.\5\439.png,5
.\2\316.png,2
.\2\457.png,2
.\4\365.png,4
.\3\371.png,3
.\2\98.png,2
.\5\28.png,5
.\1\259.png,1
.\2\209.png,2
.\5\228.png,5
.\2\159.png,2
.\2\266.png,2
.\2\265.png,2
.\4\134.png,4
.\3\261.png,3
.\5\326.png,5
.\3\15.png,3
.\2\274.png,2
.\2\564.png,2
.\4\524.png,4
.\3\375.png,3
.\3\91.png,3
.\5\17.png,5
.\5\361.png,5
.\4\17.png,4
.\4\239.png,4
.\5\293.png,5
.\1\140.png,1
.\5\151.png,5
.\5\218.png,5
.\4\322.png,4
.\5\312.png,5
.\2\536.png,2
.\1\451.png,1
.\2\543.png,2
.\5\170.png,5
.\4\281.png,4
.\4\34.png,4
.\1\247.png,1
.\2\606.png,2
.\1\111.png,1
.\2\509.png,2
.\1\26.png,1
.\2\2.png,2
.\2\540.png,2
.\5\243.png,5
.\3\175.png,3
.\1\176.png,1
.\4\166.png,4
.\1\498.png,1
.\1\417.png,1
.\3\259.png,3
.\1\458.png,1
.\5\103.png,5
.\3\405.png,3
.\3\128.png,3
.\1\148.png,1
.\1\136.png,1
.\1\321.png,1
.\2\22.png,2
.\5\391.png,5
.\2\107.png,2
.\5\402.png,5
.\3\464.png,3
.\3\513.png,3
.\5\264.png,5
.\3\243.png,3
.\5\408.png,5
.\3\155.png,3
.\3\193.png,3
.\4\139.png,4
.\5\386.png,5
.\1\518.png,1
.\1\233.png,1
.\4\380.png,4
.\2\276.png,2
.\2\36.png,2
.\1\471.png,1
.\1\51.png,1
.\5\492.png,5
.\4\265.png,4
.\4\320.png,4
.\3\431.png,3
.\4\170.png,4
.\3\485.png,3
.\1\192.png,1
.\3\166.png,3
.\2\151.png,2
.\4\232.png,4
.\5\339.png,5
.\2\176.png,2
.\4\323.png,4
.\3\352.png,3
.\3\404.png,3
.\3\409.png,3
.\1\198.png,1
.\5\425.png,5
.\1\548.png,1
.\5\427.png,5
.\2\609.png,2
.\5\169.png,5
.\3\196.png,3
.\3\23.png,3
.\2\517.png,2
.\4\221.png,4
.\4\215.png,4
.\1\362.png,1
.\2\30.png,2
.\5\39.png,5
.\1\473.png,1
.\5\37.png,5
.\2\350.png,2
.\1\128.png,1
.\5\497.png,5
.\5\124.png,5
.\2\613.png,2
.\1\407.png,1
.\3\382.png,3
.\5\62.png,5
.\1\516.png,1
.\1\351.png,1
.\1\463.png,1
.\3\197.png,3
.\2\480.png,2
.\1\420.png,1
.\1\77.png,1
.\3\283.png,3
.\2\470.png,2
.\5\175.png,5
.\2\217.png,2
.\2\51.png,2
.\1\96.png,1
.\5\343.png,5
.\3\229.png,3
.\3\233.png,3
.\2\245.png,2
.\1\533.png,1
.\3\418.png,3
.\3\535.png,3
.\1\542.png,1
.\3\394.png,3
.\5\186.png,5
.\2\80.png,2
.\2\97.png,2
.\3\146.png,3
.\3\423.png,3
.\5\431.png,5
.\2\545.png,2
.\5\173.png,5
.\3\219.png,3
.\2\452.png,2
.\2\96.png,2
.\4\305.png,4
.\3\331.png,3
.\4\140.png,4
.\4\116.png,4
.\1\311.png,1
.\5\474.png,5
.\4\83.png,4
.\2\602.png,2
.\5\373.png,5
.\1\3.png,1
.\3\410.png,3
.\1\509.png,1
.\3\342.png,3
.\2\122.png,2
.\2\257.png,2
.\5\163.png,5
.\3\359.png,3
.\2\538.png,2
.\2\149.png,2
.\5\272.png,5
.\3\201.png,3
.\4\247.png,4
.\2\562.png,2
.\5\266.png,5
.\4\446.png,4
.\2\400.png,2
.\2\295.png,2
.\1\402.png,1
.\2\200.png,2
.\4\76.png,4
.\3\471.png,3
.\5\227.png,5
.\1\11.png,1
.\2\19.png,2
.\1\43.png,1
.\3\369.png,3
.\2\407.png,2
.\4\73.png,4
.\5\9.png,5
.\3\414.png,3
.\3\341.png,3
.\2\344.png,2
.\4\220.png,4
.\3\388.png,3
.\5\349.png,5
.\5\99.png,5
.\2\424.png,2
.\1\496.png,1
.\3\347.png,3
.\2\87.png,2
.\1\500.png,1
.\2\166.png,2
.\4\175.png,4
.\1\133.png,1
.\1\220.png,1
.\2\561.png,2
.\4\143.png,4
.\3\186.png,3
.\1\106.png,1
.\3\475.png,3
.\5\274.png,5
.\4\410.png,4
.\5\42.png,5
.\1\303.png,1
.\4\467.png,4
.\2\158.png,2
.\4\253.png,4
.\2\67.png,2
.\5\473.png,5
.\3\181.png,3
.\4\105.png,4
.\3\534.png,3
.\2\541.png,2
.\1\426.png,1
.\1\437.png,1
.\5\66.png,5
.\4\399.png,4
.\5\137.png,5
.\1\183.png,1
.\4\26.png,4
.\5\27.png,5
.\3\42.png,3
.\3\290.png,3
.\2\437.png,2
.\1\105.png,1
.\3\214.png,3
.\1\213.png,1
.\5\194.png,5
.\1\560.png,1
.\1\383.png,1
.\1\410.png,1
.\2\261.png,2
.\5\245.png,5
.\5\176.png,5
.\5\179.png,5
.\4\99.png,4
.\5\161.png,5
.\5\416.png,5
.\1\280.png,1
.\3\460.png,3
.\1\222.png,1
.\3\499.png,3
.\3\22.png,3
.\3\543.png,3
.\5\493.png,5
.\3\174.png,3
.\5\309.png,5
.\5\318.png,5
.\4\98.png,4
.\2\279.png,2
.\5\78.png,5
.\2\291.png,2
.\3\215.png,3
.\4\148.png,4
.\5\67.png,5
.\1\394.png,1
.\3\107.png,3
.\4\87.png,4
.\4\185.png,4
.\4\521.png,4
.\1\365.png,1
.\3\312.png,3
.\4\290.png,4
.\5\41.png,5
.\3\281.png,3
.\2\493.png,2
.\2\403.png,2
.\2\228.png,2
.\4\493.png,4
.\3\319.png,3
.\4\554.png,4
.\3\288.png,3
.\2\108.png,2
.\4\278.png,4
.\3\440.png,3
.\2\611.png,2
.\2\478.png,2
.\1\200.png,1
.\3\253.png,3
.\2\446.png,2
.\4\81.png,4
.\3\279.png,3
.\2\286.png,2
.\4\551.png,4
.\1\57.png,1
.\2\251.png,2
.\4\16.png,4
.\1\135.png,1
.\5\253.png,5
.\5\68.png,5
.\1\422.png,1
.\1\429.png,1
.\1\373.png,1
.\5\375.png,5
.\3\202.png,3
.\1\297.png,1
.\5\15.png,5
.\1\380.png,1
.\1\99.png,1
.\3\252.png,3
.\1\525.png,1
.\2\468.png,2
.\3\220.png,3
.\1\82.png,1
.\4\370.png,4
.\1\66.png,1
.\5\348.png,5
.\2\386.png,2
.\5\323.png,5
.\3\523.png,3
.\3\454.png,3
.\2\456.png,2
.\4\161.png,4
.\4\473.png,4
.\1\452.png,1
.\3\456.png,3
.\4\437.png,4
.\3\337.png,3
.\3\244.png,3
.\3\256.png,3
.\1\320.png,1
.\2\203.png,2
.\4\145.png,4
.\4\55.png,4
.\2\454.png,2
.\1\68.png,1
.\5\316.png,5
.\2\603.png,2
.\2\512.png,2
.\4\541.png,4
.\4\425.png,4
.\4\257.png,4
.\3\29.png,3
.\5\135.png,5
.\2\106.png,2
.\3\178.png,3
.\1\562.png,1
.\3\472.png,3
.\2\351.png,2
.\5\482.png,5
.\5\347.png,5
.\1\138.png,1
.\3\300.png,3
.\3\37.png,3
.\5\277.png,5
.\3\212.png,3
.\3\93.png,3
.\3\305.png,3
.\1\31.png,1
.\3\461.png,3
.\5\325.png,5
.\5\55.png,5
.\5\455.png,5
.\4\172.png,4
.\5\434.png,5
.\5\398.png,5
.\4\470.png,4
.\2\47.png,2
.\4\146.png,4
.\5\31.png,5
.\3\237.png,3
.\5\153.png,5
.\4\56.png,4
.\3\327.png,3
.\5\231.png,5
.\2\412.png,2
.\3\114.png,3
.\1\42.png,1
.\5\38.png,5
.\5\407.png,5
.\5\403.png,5
.\2\92.png,2
.\1\168.png,1
.\3\44.png,3
.\3\295.png,3
.\3\370.png,3
.\4\184.png,4
.\3\231.png,3
.\5\428.png,5
.\2\255.png,2
.\2\290.png,2
.\4\303.png,4
.\1\229.png,1
.\4\314.png,4
.\4\33.png,4
.\2\81.png,2
.\5\304.png,5
.\4\225.png,4
.\3\264.png,3
.\4\38.png,4
.\5\32.png,5
.\4\58.png,4
.\2\137.png,2
.\2\443.png,2
.\4\7.png,4
.\5\374.png,5
.\5\390.png,5
.\1\395.png,1
.\2\396.png,2
.\4\111.png,4
.\5\123.png,5
.\5\265.png,5
.\1\218.png,1
.\5\419.png,5
.\4\512.png,4
.\1\60.png,1
.\2\520.png,2
.\3\159.png,3
.\3\294.png,3
.\3\21.png,3
.\1\361.png,1
.\4\369.png,4
.\2\428.png,2
.\5\26.png,5
.\5\184.png,5
.\1\455.png,1
.\5\370.png,5
.\4\254.png,4
.\2\427.png,2
.\5\5.png,5
.\4\244.png,4
.\1\475.png,1
.\3\84.png,3
.\2\105.png,2
.\5\117.png,5
.\5\296.png,5
.\5\189.png,5
.\3\514.png,3
.\3\52.png,3
.\1\520.png,1
.\1\142.png,1
.\1\502.png,1
.\1\301.png,1
.\2\156.png,2
.\1\561.png,1
.\1\193.png,1
.\4\285.png,4
.\3\148.png,3
.\2\397.png,2
.\3\519.png,3
.\2\492.png,2
.\2\9.png,2
.\3\12.png,3
.\3\50.png,3
.\3\92.png,3
.\5\378.png,5
.\2\126.png,2
.\3\318.png,3
.\4\508.png,4
.\3\270.png,3
.\2\293.png,2
.\4\128.png,4
.\3\69.png,3
.\4\346.png,4
.\1\413.png,1
.\4\179.png,4
.\3\313.png,3
.\2\237.png,2
.\2\325.png,2
.\5\154.png,5
.\1\299.png,1
.\1\232.png,1
.\2\417.png,2
.\3\230.png,3
.\1\24.png,1
.\1\543.png,1
.\3\392.png,3
.\4\451.png,4
.\1\357.png,1
.\3\518.png,3
.\4\501.png,4
.\2\326.png,2
.\5\58.png,5
.\1\101.png,1
.\2\589.png,2
.\2\597.png,2
.\3\372.png,3
.\3\502.png,3
.\2\496.png,2
.\5\420.png,5
.\1\466.png,1
.\3\11.png,3
.\4\430.png,4
.\2\529.png,2
.\5\399.png,5
.\1\445.png,1
.\5\195.png,5
.\4\503.png,4
.\4\377.png,4
.\3\35.png,3
.\4\482.png,4
.\5\108.png,5
.\3\142.png,3
.\1\54.png,1
.\3\213.png,3
.\2\304.png,2
.\5\207.png,5
.\1\257.png,1
.\1\165.png,1
.\1\454.png,1
.\1\74.png,1
.\2\147.png,2
.\1\363.png,1
.\3\351.png,3
.\2\43.png,2
.\3\474.png,3
.\3\508.png,3
.\2\514.png,2
.\1\538.png,1
.\5\258.png,5
.\3\24.png,3
.\5\369.png,5
.\1\419.png,1
.\4\251.png,4
.\5\298.png,5
.\1\515.png,1
.\1\273.png,1
.\3\349.png,3
.\2\393.png,2
.\5\12.png,5
.\4\32.png,4
.\1\313.png,1
.\5\226.png,5
.\3\282.png,3
.\3\183.png,3
.\5\127.png,5
.\3\333.png,3
.\3\493.png,3
.\3\380.png,3
.\5\241.png,5
.\5\429.png,5
.\2\542.png,2
.\4\331.png,4
.\5\217.png,5
.\2\474.png,2
.\1\95.png,1
.\3\13.png,3
.\1\112.png,1
.\1\412.png,1
.\4\317.png,4
.\3\389.png,3
.\2\60.png,2
.\3\383.png,3
.\4\391.png,4
.\5\14.png,5
.\4\149.png,4
.\3\232.png,3
.\5\450.png,5
.\2\431.png,2
.\4\506.png,4
.\5\3.png,5
.\2\303.png,2
.\5\121.png,5
.\2\590.png,2
.\2\244.png,2
.\3\124.png,3
.\2\491.png,2
.\3\163.png,3
.\1\464.png,1
.\3\236.png,3
.\1\569.png,1
.\5\156.png,5
.\5\198.png,5
.\2\168.png,2
.\5\448.png,5
.\1\566.png,1
.\1\388.png,1
.\3\145.png,3
.\4\196.png,4
.\4\197.png,4
.\3\366.png,3
.\5\477.png,5
.\1\132.png,1
.\1\287.png,1
.\1\521.png,1
.\5\294.png,5
.\3\400.png,3
.\1\549.png,1
.\4\165.png,4
.\3\102.png,3
.\2\391.png,2
.\4\449.png,4
.\1\199.png,1
.\3\110.png,3
.\2\527.png,2
.\3\285.png,3
.\4\57.png,4
.\1\22.png,1
.\1\41.png,1
.\1\411.png,1
.\2\591.png,2
.\3\390.png,3
.\4\513.png,4
.\1\324.png,1
.\1\83.png,1
.\5\383.png,5
.\1\87.png,1
.\5\118.png,5
.\2\143.png,2
.\5\128.png,5
.\4\358.png,4
.\4\255.png,4
.\2\139.png,2
.\1\154.png,1
.\3\322.png,3
.\3\211.png,3
.\3\509.png,3
.\1\399.png,1
.\5\43.png,5
.\5\183.png,5
.\3\258.png,3
.\2\404.png,2
.\3\415.png,3
.\1\319.png,1
.\1\494.png,1
.\4\159.png,4
.\5\115.png,5
.\4\485.png,4
.\3\164.png,3
.\1\312.png,1
.\3\209.png,3
.\4\1.png,4
.\3\510.png,3
.\4\545.png,4
.\3\320.png,3
.\2\485.png,2
.\1\524.png,1
.\3\195.png,3
.\4\269.png,4
.\2\189.png,2
.\3\504.png,3
.\4\51.png,4
.\2\260.png,2
.\2\52.png,2
.\2\355.png,2
.\4\5.png,4
.\4\124.png,4
.\1\131.png,1
.\3\100.png,3
.\3\442.png,3
.\4\333.png,4
.\1\442.png,1
.\5\319.png,5
.\2\513.png,2
.\3\356.png,3
.\2\297.png,2
.\2\332.png,2
.\1\253.png,1
.\1\526.png,1
.\5\279.png,5
.\1\514.png,1
.\3\307.png,3
.\2\196.png,2
.\1\332.png,1
.\5\317.png,5
.\5\13.png,5
.\1\50.png,1
.\1\345.png,1
.\4\157.png,4
.\2\35.png,2
.\4\304.png,4
.\3\160.png,3
.\4\339.png,4
.\2\65.png,2
.\2\204.png,2
.\1\340.png,1
.\2\287.png,2
.\1\278.png,1
.\5\392.png,5
.\1\288.png,1
.\5\357.png,5
.\3\18.png,3
.\5\107.png,5
.\2\471.png,2
.\4\367.png,4
.\1\73.png,1
.\5\435.png,5
.\2\357.png,2
.\5\181.png,5
.\3\177.png,3
.\2\233.png,2
.\5\47.png,5
.\1\390.png,1
.\4\411.png,4
.\2\463.png,2
.\4\137.png,4
.\3\438.png,3
.\3\430.png,3
.\5\25.png,5
.\1\86.png,1
.\3\241.png,3
.\1\124.png,1
.\2\157.png,2
.\4\423.png,4
.\5\132.png,5
.\3\364.png,3
.\2\502.png,2
.\3\43.png,3
.\5\24.png,5
.\4\173.png,4
.\4\273.png,4
.\3\325.png,3
.\2\338.png,2
.\2\211.png,2
.\4\117.png,4
.\2\535.png,2
.\4\19.png,4
.\4\152.png,4
.\2\178.png,2
.\2\481.png,2
.\3\63.png,3
.\1\337.png,1
.\4\93.png,4
.\4\310.png,4
.\5\54.png,5
.\1\102.png,1
.\2\505.png,2
.\4\272.png,4
.\1\467.png,1
.\3\385.png,3
.\3\407.png,3
.\1\65.png,1
.\1\438.png,1
.\1\231.png,1
.\3\424.png,3
.\5\155.png,5
.\3\66.png,3
.\4\122.png,4
.\2\318.png,2
.\5\140.png,5
.\5\71.png,5
.\2\354.png,2
.\1\150.png,1
.\2\365.png,2
.\3\8.png,3
.\2\48.png,2
.\3\443.png,3
.\1\338.png,1
.\2\199.png,2
.\3\192.png,3
.\1\528.png,1
.\5\59.png,5
.\5\480.png,5
.\4\217.png,4
.\2\127.png,2
.\2\1.png,2
.\2\29.png,2
.\2\275.png,2
.\2\206.png,2
.\1\372.png,1
.\3\39.png,3
.\3\275.png,3
.\3\462.png,3
.\3\470.png,3
.\1\242.png,1
.\4\238.png,4
.\1\197.png,1
.\2\241.png,2
.\5\214.png,5
.\1\159.png,1
.\3\345.png,3
.\1\348.png,1
.\4\471.png,4
.\4\403.png,4
.\1\88.png,1
.\3\158.png,3
.\5\381.png,5
.\5\445.png,5
.\4\298.png,4
.\4\65.png,4
.\5\74.png,5
.\2\86.png,2
.\1\527.png,1
.\5\295.png,5
.\3\113.png,3
.\4\224.png,4
.\4\115.png,4
.\2\99.png,2
.\1\47.png,1
.\1\495.png,1
.\1\401.png,1
.\2\583.png,2
.\4\533.png,4
.\4\229.png,4
.\2\17.png,2
.\4\43.png,4
.\3\507.png,3
.\2\448.png,2
.\4\404.png,4
.\3\223.png,3
.\5\328.png,5
.\3\343.png,3
.\1\353.png,1
.\3\227.png,3
.\1\190.png,1
.\1\366.png,1
.\1\491.png,1
.\1\78.png,1
.\2\150.png,2
.\2\553.png,2
.\4\329.png,4
.\2\77.png,2
.\2\283.png,2
.\4\13.png,4
.\5\481.png,5
.\2\249.png,2
.\2\213.png,2
.\2\376.png,2
.\2\315.png,2
.\5\302.png,5
.\2\494.png,2
.\4\335.png,4
.\4\142.png,4
.\3\30.png,3
.\2\13.png,2
.\4\469.png,4
.\1\69.png,1
.\3\60.png,3
.\4\136.png,4
.\4\125.png,4
.\5\112.png,5
.\4\536.png,4
.\5\196.png,5
.\1\530.png,1
.\2\592.png,2
.\5\411.png,5
.\1\13.png,1
.\4\383.png,4
.\3\353.png,3
.\5\321.png,5
.\1\274.png,1
.\3\265.png,3
.\3\344.png,3
.\1\331.png,1
.\5\167.png,5
.\3\154.png,3
.\2\385.png,2
.\4\356.png,4
.\4\520.png,4
.\5\337.png,5
.\5\324.png,5
.\1\517.png,1
.\2\183.png,2
.\4\550.png,4
.\4\21.png,4
.\2\239.png,2
.\4\518.png,4
.\3\80.png,3
.\2\248.png,2
.\2\458.png,2
.\1\507.png,1
.\5\352.png,5
.\5\291.png,5
.\2\569.png,2
.\2\68.png,2
.\1\306.png,1
.\3\494.png,3
.\5\147.png,5
.\5\190.png,5
.\2\435.png,2
.\3\109.png,3
.\3\32.png,3
.\4\82.png,4
.\3\304.png,3
.\5\224.png,5
.\3\14.png,3
.\2\301.png,2
.\1\316.png,1
.\3\368.png,3
.\1\238.png,1
.\3\354.png,3
.\4\92.png,4
.\2\544.png,2
.\2\450.png,2
.\5\341.png,5
.\5\149.png,5
.\4\343.png,4
.\5\182.png,5
.\1\318.png,1
.\5\456.png,5
.\5\69.png,5
.\4\364.png,4
.\2\388.png,2
.\1\370.png,1
.\2\416.png,2
.\5\490.png,5
.\3\486.png,3
.\1\152.png,1
.\1\121.png,1
.\4\284.png,4
.\2\267.png,2
.\3\94.png,3
.\5\384.png,5
.\5\400.png,5
.\2\74.png,2
.\1\81.png,1
.\3\61.png,3
.\1\328.png,1
.\1\202.png,1
.\5\436.png,5
.\4\211.png,4
.\2\215.png,2
.\3\377.png,3
.\4\261.png,4
.\2\584.png,2
.\3\97.png,3
.\2\272.png,2
.\4\262.png,4
.\3\116.png,3
.\2\340.png,2
.\4\392.png,4
.\1\350.png,1
.\2\498.png,2
.\2\375.png,2
.\5\205.png,5
.\4\311.png,4
.\1\92.png,1
.\5\187.png,5
.\4\517.png,4
.\4\169.png,4
.\2\343.png,2
.\2\152.png,2
.\1\171.png,1
.\2\27.png,2
.\4\494.png,4
.\5\322.png,5
.\2\572.png,2
.\3\417.png,3
.\3\452.png,3
.\3\120.png,3
.\5\401.png,5
.\1\289.png,1
.\1\424.png,1
.\4\109.png,4
.\5\289.png,5
.\1\339.png,1
.\1\556.png,1
.\4\409.png,4
.\2\216.png,2
.\1\341.png,1
.\1\385.png,1
.\3\17.png,3
.\3\137.png,3
.\1\33.png,1
.\1\570.png,1
.\3\136.png,3
.\1\37.png,1
.\2\574.png,2
.\3\266.png,3
.\2\408.png,2
.\2\504.png,2
.\1\129.png,1
.\2\109.png,2
.\2\414.png,2
.\4\200.png,4
.\4\199.png,4
.\2\182.png,2
.\1\427.png,1
.\3\358.png,3
.\1\535.png,1
.\5\478.png,5
.\2\593.png,2
.\3\171.png,3
.\5\351.png,5
.\2\44.png,2
.\2\173.png,2
.\5\185.png,5
.\4\527.png,4
.\1\553.png,1
.\4\164.png,4
.\5\388.png,5
.\2\381.png,2
.\2\426.png,2
.\4\279.png,4
.\2\334.png,2
.\3\162.png,3
.\2\85.png,2
.\2\389.png,2
.\2\185.png,2
.\2\497.png,2
.\4\49.png,4
.\3\119.png,3
.\3\126.png,3
.\1\497.png,1
.\5\30.png,5
.\5\422.png,5
.\3\207.png,3
.\4\205.png,4
.\3\403.png,3
.\2\73.png,2
.\1\551.png,1
.\5\331.png,5
.\4\110.png,4
.\1\415.png,1
.\1\248.png,1
.\4\113.png,4
.\3\329.png,3
.\2\194.png,2
.\3\373.png,3
.\2\282.png,2
.\3\200.png,3
.\5\486.png,5
.\4\29.png,4
.\2\54.png,2
.\5\255.png,5
.\4\427.png,4
.\5\270.png,5
.\5\63.png,5
.\1\210.png,1
.\3\492.png,3
.\3\26.png,3
.\1\432.png,1
.\2\71.png,2
.\3\538.png,3
.\1\503.png,1
.\1\27.png,1
.\5\377.png,5
.\4\123.png,4
.\2\190.png,2
.\2\533.png,2
.\1\91.png,1
.\1\9.png,1
.\4\283.png,4
.\2\411.png,2
.\1\400.png,1
.\3\46.png,3
.\4\46.png,4
.\3\141.png,3
.\3\491.png,3
.\3\309.png,3
.\2\335.png,2
.\1\145.png,1
.\2\238.png,2
.\2\579.png,2
.\5\461.png,5
.\1\314.png,1
.\1\334.png,1
.\2\578.png,2
.\1\64.png,1
.\3\187.png,3
.\1\227.png,1
.\2\451.png,2
.\2\430.png,2
.\4\80.png,4
.\3\490.png,3
.\3\118.png,3
.\3\27.png,3
.\1\15.png,1
.\4\106.png,4
.\1\196.png,1
.\5\96.png,5
.\3\532.png,3
.\5\116.png,5
.\4\243.png,4
.\5\257.png,5
.\2\121.png,2
.\4\385.png,4
.\5\382.png,5
.\2\8.png,2
.\2\402.png,2
.\4\263.png,4
.\1\367.png,1
.\2\112.png,2
.\2\191.png,2
.\2\462.png,2
.\4\453.png,4
.\3\549.png,3
.\4\448.png,4
.\4\397.png,4
.\2\333.png,2
.\2\587.png,2
.\1\267.png,1
.\4\208.png,4
.\4\514.png,4
.\4\340.png,4
.\4\495.png,4
.\1\52.png,1
.\2\104.png,2
.\5\360.png,5
.\2\119.png,2
.\2\124.png,2
.\4\176.png,4
.\2\250.png,2
.\1\552.png,1
.\5\89.png,5
.\1\511.png,1
.\1\25.png,1
.\4\178.png,4
.\4\2.png,4
.\1\434.png,1
.\1\326.png,1
.\1\44.png,1
.\4\416.png,4
.\2\576.png,2
.\3\310.png,3
.\5\287.png,5
.\4\209.png,4
.\2\515.png,2
.\1\364.png,1
.\1\23.png,1
.\2\595.png,2
.\4\496.png,4
.\3\59.png,3
.\3\500.png,3
.\2\600.png,2
.\1\465.png,1
.\2\113.png,2
.\5\237.png,5
.\5\447.png,5
.\4\52.png,4
.\1\296.png,1
.\5\278.png,5
.\4\491.png,4
.\3\402.png,3
.\2\23.png,2
.\1\302.png,1
.\1\181.png,1
.\4\268.png,4
.\5\180.png,5
.\3\311.png,3
.\1\226.png,1
.\2\58.png,2
.\1\208.png,1
.\3\34.png,3
.\1\493.png,1
.\4\553.png,4
.\3\76.png,3
.\2\352.png,2
.\4\86.png,4
.\1\449.png,1
.\2\144.png,2
.\1\29.png,1
.\4\361.png,4
.\3\338.png,3
.\5\404.png,5
.\2\311.png,2
.\5\423.png,5
.\5\238.png,5
.\4\61.png,4
.\2\33.png,2
.\2\439.png,2
.\5\484.png,5
.\3\62.png,3
.\1\255.png,1
.\1\163.png,1
.\4\405.png,4
.\5\48.png,5
.\5\141.png,5
.\2\464.png,2
.\2\252.png,2
.\1\567.png,1
.\3\465.png,3
.\5\133.png,5
.\1\474.png,1
.\4\95.png,4
.\2\247.png,2
.\3\459.png,3
.\4\347.png,4
.\2\499.png,2
.\5\100.png,5
.\3\184.png,3
.\5\34.png,5
.\4\375.png,4
.\2\198.png,2
.\4\194.png,4
.\5\164.png,5
.\1\330.png,1
.\5\216.png,5
.\5\248.png,5
.\3\131.png,3
.\3\437.png,3
.\2\342.png,2
.\2\235.png,2
.\2\324.png,2
.\5\363.png,5
.\2\116.png,2
.\1\352.png,1
.\2\39.png,2
.\4\515.png,4
.\2\138.png,2
.\4\44.png,4
.\1\72.png,1
.\1\391.png,1
.\5\261.png,5
.\5\460.png,5
.\1\529.png,1
.\1\537.png,1
.\2\234.png,2
.\5\297.png,5
.\2\371.png,2
.\3\537.png,3
.\5\249.png,5
.\3\326.png,3
.\5\440.png,5
.\2\518.png,2
.\4\381.png,4
.\4\499.png,4
.\2\563.png,2
.\4\85.png,4
.\5\300.png,5
.\2\56.png,2
.\1\359.png,1
.\4\237.png,4
.\2\353.png,2
.\5\242.png,5
.\3\386.png,3
.\4\119.png,4
.\3\357.png,3
.\4\301.png,4
.\4\297.png,4
.\3\276.png,3
.\2\308.png,2
.\3\293.png,3
.\3\484.png,3
.\2\154.png,2
.\2\490.png,2
.\2\373.png,2
.\3\428.png,3
.\1\45.png,1
.\1\356.png,1
.\3\77.png,3
.\2\585.png,2
.\1\137.png,1
.\4\475.png,4
.\5\356.png,5
.\3\298.png,3
.\5\51.png,5
.\5\82.png,5
.\4\353.png,4
.\4\260.png,4
.\3\54.png,3
.\5\410.png,5
.\3\503.png,3
.\5\171.png,5
.\5\188.png,5
.\1\450.png,1
.\4\104.png,4
.\4\362.png,4
.\4\275.png,4
.\3\419.png,3
.\1\559.png,1
.\5\471.png,5
.\1\335.png,1
.\2\269.png,2
.\5\464.png,5
.\1\58.png,1
.\3\480.png,3
.\2\555.png,2
.\1\207.png,1
.\4\543.png,4
.\1\116.png,1
.\1\263.png,1
.\5\346.png,5
.\1\439.png,1
.\4\121.png,4
.\3\546.png,3
.\2\413.png,2
.\2\49.png,2
.\4\62.png,4
.\4\70.png,4
.\5\271.png,5
.\1\285.png,1
.\1\21.png,1
.\2\444.png,2
.\2\161.png,2
.\5\65.png,5
.\4\321.png,4
.\3\149.png,3
.\5\334.png,5
.\4\45.png,4
.\2\230.png,2
.\2\401.png,2
.\5\254.png,5
.\4\421.png,4
.\3\286.png,3
.\3\473.png,3
.\2\571.png,2
.\5\192.png,5
.\4\107.png,4
.\1\440.png,1
.\3\476.png,3
.\3\56.png,3
.\3\315.png,3
.\1\368.png,1
.\3\445.png,3
.\2\4.png,2
.\4\27.png,4
.\1\100.png,1
.\1\97.png,1
.\1\234.png,1
.\2\329.png,2
.\5\307.png,5
.\3\38.png,3
.\3\40.png,3
.\5\4.png,5
.\5\303.png,5
.\5\275.png,5
.\1\46.png,1
.\4\91.png,4
.\2\231.png,2
.\4\509.png,4
.\5\20.png,5
.\1\343.png,1
.\5\489.png,5
.\5\88.png,5
.\3\324.png,3
.\4\441.png,4
.\5\320.png,5
.\3\2.png,3
.\5\53.png,5
.\4\413.png,4
.\3\190.png,3
.\2\278.png,2
.\4\428.png,4
.\3\151.png,3
.\2\75.png,2
.\3\506.png,3
.\3\235.png,3
.\1\398.png,1
.\1\230.png,1
.\1\141.png,1
.\5\338.png,5
.\4\350.png,4
.\2\466.png,2
.\3\525.png,3
.\4\379.png,4
.\4\389.png,4
.\3\99.png,3
.\5\487.png,5
.\3\234.png,3
.\1\265.png,1
.\4\163.png,4
.\2\110.png,2
.\1\443.png,1
.\4\103.png,4
.\3\367.png,3
